mat_name,errorfree_iterations,tol,maxiter,error_pos,error_iter,solve_iterations,final_relres,did_converge,realtime_s,pos_2norm
bcsstk18.mat,432,1e-06,43200,4579,1,457,9.610631354610133e-07,True,0.167122833,3171.6397461746665
bcsstk18.mat,432,1e-06,43200,4579,107,455,9.840274223925553e-07,True,0.165475958,3171.6397461746665
bcsstk18.mat,432,1e-06,43200,4579,215,445,9.94420136982246e-07,True,0.161748917,3171.6397461746665
bcsstk18.mat,432,1e-06,43200,4579,323,446,9.985262358915624e-07,True,0.16401625,3171.6397461746665
bcsstk18.mat,432,1e-06,43200,4579,430,430,8.624660794326229e-07,True,0.155704,3171.6397461746665
bcsstk18.mat,432,1e-06,43200,7335,1,1757,9.951729325585391e-07,True,0.617013458,629389101.2929353
bcsstk18.mat,432,1e-06,43200,7335,107,43199,0.00018057981634702952,False,15.066303125,629389101.2929353
bcsstk18.mat,432,1e-06,43200,7335,215,17713,9.98662125027356e-07,True,6.23046575,629389101.2929353
bcsstk18.mat,432,1e-06,43200,7335,323,30671,9.98080164850651e-07,True,10.68109825,629389101.2929353
bcsstk18.mat,432,1e-06,43200,7335,430,586,9.994068743721137e-07,True,0.211270042,629389101.2929353
bcsstk18.mat,432,1e-06,43200,7781,1,862,9.502505452475765e-07,True,0.309200083,107783403.18118055
bcsstk18.mat,432,1e-06,43200,7781,107,43199,3.09839310889854e-05,False,15.07365575,107783403.18118055
bcsstk18.mat,432,1e-06,43200,7781,215,5551,9.97730541857427e-07,True,1.94908425,107783403.18118055
bcsstk18.mat,432,1e-06,43200,7781,323,7622,9.998205283908518e-07,True,2.704906708,107783403.18118055
bcsstk18.mat,432,1e-06,43200,7781,430,472,9.984419464404914e-07,True,0.17113075,107783403.18118055
bcsstk18.mat,432,1e-06,43200,1502,1,536,9.461864031859662e-07,True,0.194272125,18199803.988276612
bcsstk18.mat,432,1e-06,43200,1502,107,6380,9.886717057948169e-07,True,2.252914125,18199803.988276612
bcsstk18.mat,432,1e-06,43200,1502,215,882,9.56605331383993e-07,True,0.315351917,18199803.988276612
bcsstk18.mat,432,1e-06,43200,1502,323,958,9.922217324406459e-07,True,0.342500125,18199803.988276612
bcsstk18.mat,432,1e-06,43200,1502,430,438,9.848418912052474e-07,True,0.158701042,18199803.988276612
bcsstk18.mat,432,1e-06,43200,3345,1,454,9.912152148302556e-07,True,0.164101042,568015.3093050943
bcsstk18.mat,432,1e-06,43200,3345,107,532,9.84287681255601e-07,True,0.191656666,568015.3093050943
bcsstk18.mat,432,1e-06,43200,3345,215,449,9.57270650965049e-07,True,0.168844917,568015.3093050943
bcsstk18.mat,432,1e-06,43200,3345,323,446,9.831500722896183e-07,True,0.165520625,568015.3093050943
bcsstk18.mat,432,1e-06,43200,3345,430,430,8.720973622609281e-07,True,0.157045333,568015.3093050943
bcsstk18.mat,432,1e-06,43200,11082,1,2442,9.934918085401659e-07,True,0.872536542,1193704996.6071427
bcsstk18.mat,432,1e-06,43200,11082,107,43199,9.563193729358401e-05,False,15.187963209,1193704996.6071427
bcsstk18.mat,432,1e-06,43200,11082,215,39614,9.988935331909242e-07,True,13.853452,1193704996.6071427
bcsstk18.mat,432,1e-06,43200,11082,323,43199,5.375791403790575e-06,False,15.062421583,1193704996.6071427
bcsstk18.mat,432,1e-06,43200,11082,430,43199,3.572364640846834e-06,False,15.013067875,1193704996.6071427
bcsstk18.mat,432,1e-06,43200,2367,1,529,9.910757841102614e-07,True,0.190405959,4720579.716117773
bcsstk18.mat,432,1e-06,43200,2367,107,4729,9.914372191836464e-07,True,1.67687025,4720579.716117773
bcsstk18.mat,432,1e-06,43200,2367,215,820,9.974923155475926e-07,True,0.294133041,4720579.716117773
bcsstk18.mat,432,1e-06,43200,2367,323,881,9.95057081115363e-07,True,0.314900583,4720579.716117773
bcsstk18.mat,432,1e-06,43200,2367,430,437,9.812752888462024e-07,True,0.157783125,4720579.716117773
bcsstk18.mat,432,1e-06,43200,2019,1,1628,9.918573876876928e-07,True,0.581866417,524739746.89456666
bcsstk18.mat,432,1e-06,43200,2019,107,43199,0.0001086181561622725,False,15.008494416,524739746.89456666
bcsstk18.mat,432,1e-06,43200,2019,215,17857,9.975115833489094e-07,True,6.275663584,524739746.89456666
bcsstk18.mat,432,1e-06,43200,2019,323,22559,9.990939023201257e-07,True,7.9534145,524739746.89456666
bcsstk18.mat,432,1e-06,43200,2019,430,552,9.998362325713594e-07,True,0.19863325,524739746.89456666
bcsstk18.mat,432,1e-06,43200,6978,1,555,9.485480312915904e-07,True,0.200511333,23278743.530282367
bcsstk18.mat,432,1e-06,43200,6978,107,10145,9.946839317321173e-07,True,3.584879875,23278743.530282367
bcsstk18.mat,432,1e-06,43200,6978,215,1235,9.568157746370975e-07,True,0.438032792,23278743.530282367
bcsstk18.mat,432,1e-06,43200,6978,323,1292,9.914848107969287e-07,True,0.462485125,23278743.530282367
bcsstk18.mat,432,1e-06,43200,6978,430,442,9.888566861122899e-07,True,0.160316209,23278743.530282367
bcsstk18.mat,432,1e-06,43200,9279,1,636,9.892209493516932e-07,True,0.229314917,40473678.68993826
bcsstk18.mat,432,1e-06,43200,9279,107,38926,9.968412611359528e-07,True,13.655755458,40473678.68993826
bcsstk18.mat,432,1e-06,43200,9279,215,2574,9.987476177984422e-07,True,0.915365042,40473678.68993826
bcsstk18.mat,432,1e-06,43200,9279,323,2993,9.986493803662632e-07,True,1.056402333,40473678.68993826
bcsstk18.mat,432,1e-06,43200,9279,430,454,9.99108206729836e-07,True,0.164218583,40473678.68993826
bcsstk18.mat,432,1e-06,43200,700,1,533,9.925050155444496e-07,True,0.19261675,5237669.566429954
bcsstk18.mat,432,1e-06,43200,700,107,5664,9.831816269191627e-07,True,1.999119792,5237669.566429954
bcsstk18.mat,432,1e-06,43200,700,215,898,9.933520238948005e-07,True,0.329661375,5237669.566429954
bcsstk18.mat,432,1e-06,43200,700,323,957,9.94236121486323e-07,True,0.341690125,5237669.566429954
bcsstk18.mat,432,1e-06,43200,700,430,438,9.8264697040146e-07,True,0.159165208,5237669.566429954
bcsstk18.mat,432,1e-06,43200,4788,1,6331,9.990048602344347e-07,True,2.212679541,7641261038.689561
bcsstk18.mat,432,1e-06,43200,4788,107,43199,0.00013879788027227875,False,15.112299,7641261038.689561
bcsstk18.mat,432,1e-06,43200,4788,215,43199,2.068735010386692e-05,False,15.2173995,7641261038.689561
bcsstk18.mat,432,1e-06,43200,4788,323,43199,6.13482355986514e-05,False,15.107709375,7641261038.689561
bcsstk18.mat,432,1e-06,43200,4788,430,43199,5.04064850699054e-06,False,15.220511,7641261038.689561
bcsstk18.mat,432,1e-06,43200,2065,1,1111,9.518158759313542e-07,True,0.404565458,225402439.13170135
bcsstk18.mat,432,1e-06,43200,2065,107,43199,1.6237695426325226e-05,False,15.206072583,225402439.13170135
bcsstk18.mat,432,1e-06,43200,2065,215,11847,9.918278172862107e-07,True,4.131982833,225402439.13170135
bcsstk18.mat,432,1e-06,43200,2065,323,18247,9.967026445922365e-07,True,6.387040167,225402439.13170135
bcsstk18.mat,432,1e-06,43200,2065,430,491,9.97899785856288e-07,True,0.17781475,225402439.13170135
bcsstk18.mat,432,1e-06,43200,10034,1,794,9.652029737526828e-07,True,0.284438042,95878938.06658001
bcsstk18.mat,432,1e-06,43200,10034,107,43199,2.524123834740997e-06,False,15.131678167,95878938.06658001
bcsstk18.mat,432,1e-06,43200,10034,215,4935,9.994255753614775e-07,True,1.736627458,95878938.06658001
bcsstk18.mat,432,1e-06,43200,10034,323,5584,9.991438539733466e-07,True,1.980285625,95878938.06658001
bcsstk18.mat,432,1e-06,43200,10034,430,467,9.984994868820233e-07,True,0.169575167,95878938.06658001
bcsstk18.mat,432,1e-06,43200,4404,1,546,9.3212439665242e-07,True,0.19731525,13292303.298699059
bcsstk18.mat,432,1e-06,43200,4404,107,9648,9.96844555164616e-07,True,3.368245042,13292303.298699059
bcsstk18.mat,432,1e-06,43200,4404,215,1195,9.994787876959724e-07,True,0.424377917,13292303.298699059
bcsstk18.mat,432,1e-06,43200,4404,323,1270,9.762678588889687e-07,True,0.451538542,13292303.298699059
bcsstk18.mat,432,1e-06,43200,4404,430,442,9.867630782637677e-07,True,0.160450584,13292303.298699059
bcsstk18.mat,432,1e-06,43200,110,1,495,9.907144942921499e-07,True,0.185766334,3877415.3700336134
bcsstk18.mat,432,1e-06,43200,110,107,3858,9.963156286647932e-07,True,1.355977708,3877415.3700336134
bcsstk18.mat,432,1e-06,43200,110,215,767,9.88356886498853e-07,True,0.274770625,3877415.3700336134
bcsstk18.mat,432,1e-06,43200,110,323,829,9.864237228632933e-07,True,0.297866542,3877415.3700336134
bcsstk18.mat,432,1e-06,43200,110,430,436,9.86374232070153e-07,True,0.15764975,3877415.3700336134
bcsstk18.mat,432,1e-06,43200,1902,1,461,9.465312096937578e-07,True,0.166415333,3158556.8986360375
bcsstk18.mat,432,1e-06,43200,1902,107,868,9.70081163369117e-07,True,0.318930583,3158556.8986360375
bcsstk18.mat,432,1e-06,43200,1902,215,503,9.63702507063926e-07,True,0.181754208,3158556.8986360375
bcsstk18.mat,432,1e-06,43200,1902,323,519,9.713166158663903e-07,True,0.188911958,3158556.8986360375
bcsstk18.mat,432,1e-06,43200,1902,430,431,9.37962361753284e-07,True,0.158099333,3158556.8986360375
bcsstk18.mat,432,1e-06,43200,5117,1,707,8.898227365213087e-07,True,0.253653459,63175222.922596216
bcsstk18.mat,432,1e-06,43200,5117,107,43199,7.349089639748705e-06,False,15.142185834,63175222.922596216
bcsstk18.mat,432,1e-06,43200,5117,215,3746,9.90577709127881e-07,True,1.321054958,63175222.922596216
bcsstk18.mat,432,1e-06,43200,5117,323,4307,9.992391038376838e-07,True,1.523569417,63175222.922596216
bcsstk18.mat,432,1e-06,43200,5117,430,460,9.958321894805276e-07,True,0.16682875,63175222.922596216
bcsstk18.mat,432,1e-06,43200,8129,1,8284,9.941937869016973e-07,True,2.946724708,10506224106.836374
bcsstk18.mat,432,1e-06,43200,8129,107,43199,0.00013328655537683015,False,15.030975,10506224106.836374
bcsstk18.mat,432,1e-06,43200,8129,215,43199,2.4131337863619338e-05,False,15.19517025,10506224106.836374
bcsstk18.mat,432,1e-06,43200,8129,323,43199,8.89972157144941e-06,False,15.354858583,10506224106.836374
bcsstk18.mat,432,1e-06,43200,8129,430,43199,5.56009058807746e-06,False,15.562089834,10506224106.836374
bcsstk18.mat,432,1e-06,43200,3785,1,3880,9.66415714064076e-07,True,1.350212542,3398637020.54182
bcsstk18.mat,432,1e-06,43200,3785,107,43199,0.00014519800574902905,False,15.310232792,3398637020.54182
bcsstk18.mat,432,1e-06,43200,3785,215,43199,2.998078150367432e-05,False,15.311951708,3398637020.54182
bcsstk18.mat,432,1e-06,43200,3785,323,43199,2.2041944236083007e-05,False,15.323715875,3398637020.54182
bcsstk18.mat,432,1e-06,43200,3785,430,43199,2.4169205979804175e-06,False,15.314127917,3398637020.54182
bcsstk18.mat,432,1e-06,43200,3611,1,465,9.917569396862495e-07,True,0.168730417,201232.67103204338
bcsstk18.mat,432,1e-06,43200,3611,107,937,9.471213314852962e-07,True,0.338780708,201232.67103204338
bcsstk18.mat,432,1e-06,43200,3611,215,505,9.426718903031737e-07,True,0.189770292,201232.67103204338
bcsstk18.mat,432,1e-06,43200,3611,323,522,9.579878873622415e-07,True,0.188406208,201232.67103204338
bcsstk18.mat,432,1e-06,43200,3611,430,431,9.551976933808893e-07,True,0.157190125,201232.67103204338
bcsstk18.mat,432,1e-06,43200,4735,1,531,9.80686095495018e-07,True,0.193692166,2317987.731392976
bcsstk18.mat,432,1e-06,43200,4735,107,2962,9.949264696049433e-07,True,1.049930125,2317987.731392976
bcsstk18.mat,432,1e-06,43200,4735,215,674,9.753846588095264e-07,True,0.244899292,2317987.731392976
bcsstk18.mat,432,1e-06,43200,4735,323,736,9.980795243941988e-07,True,0.264009459,2317987.731392976
bcsstk18.mat,432,1e-06,43200,4735,430,435,9.721616953033801e-07,True,0.164889042,2317987.731392976
bcsstk18.mat,432,1e-06,43200,4575,1,1799,9.868272208640165e-07,True,0.644918667,736030772.8062065
bcsstk18.mat,432,1e-06,43200,4575,107,43199,1.0829385119145678e-05,False,15.312489,736030772.8062065
bcsstk18.mat,432,1e-06,43200,4575,215,36064,9.961012897278717e-07,True,12.850668667,736030772.8062065
bcsstk18.mat,432,1e-06,43200,4575,323,33846,9.997246195104093e-07,True,11.984092,736030772.8062065
bcsstk18.mat,432,1e-06,43200,4575,430,43199,2.4391698928116125e-06,False,15.220360958,736030772.8062065
bcsstk18.mat,432,1e-06,43200,3372,1,588,9.944750373521505e-07,True,0.211499625,28005950.70338064
bcsstk18.mat,432,1e-06,43200,3372,107,30032,9.98782767255059e-07,True,10.607766875,28005950.70338064
bcsstk18.mat,432,1e-06,43200,3372,215,1894,9.945825077506352e-07,True,0.668397334,28005950.70338064
bcsstk18.mat,432,1e-06,43200,3372,323,2073,9.971426065095641e-07,True,0.743295167,28005950.70338064
bcsstk18.mat,432,1e-06,43200,3372,430,450,9.94628279284134e-07,True,0.163803209,28005950.70338064
bcsstk18.mat,432,1e-06,43200,8291,1,459,9.605392894887732e-07,True,0.174364,1.0
bcsstk18.mat,432,1e-06,43200,8291,107,435,9.919954268604422e-07,True,0.159783167,1.0
bcsstk18.mat,432,1e-06,43200,8291,215,444,9.810123306703794e-07,True,0.166855875,1.0
bcsstk18.mat,432,1e-06,43200,8291,323,443,9.98791717295172e-07,True,0.160251375,1.0
bcsstk18.mat,432,1e-06,43200,8291,430,432,9.94023373557086e-07,True,0.156290125,1.0
bcsstk18.mat,432,1e-06,43200,6953,1,9345,9.960790660629087e-07,True,3.424253125,13846782683.448675
bcsstk18.mat,432,1e-06,43200,6953,107,43199,0.00016291348400659646,False,15.168733292,13846782683.448675
bcsstk18.mat,432,1e-06,43200,6953,215,43199,9.797307970959283e-06,False,15.347723,13846782683.448675
bcsstk18.mat,432,1e-06,43200,6953,323,43199,1.1492588989818463e-05,False,15.343671792,13846782683.448675
bcsstk18.mat,432,1e-06,43200,6953,430,43199,4.728622693738467e-06,False,15.263623084,13846782683.448675
bcsstk18.mat,432,1e-06,43200,2893,1,3057,9.914071808091347e-07,True,1.085615625,1770732873.1720378
bcsstk18.mat,432,1e-06,43200,2893,107,43199,0.00013485921799814195,False,15.131293625,1770732873.1720378
bcsstk18.mat,432,1e-06,43200,2893,215,43199,1.7229363695211887e-05,False,15.261772,1770732873.1720378
bcsstk18.mat,432,1e-06,43200,2893,323,43199,3.51103873768689e-06,False,15.326967041,1770732873.1720378
bcsstk18.mat,432,1e-06,43200,2893,430,43199,4.147000284229532e-06,False,15.324456125,1770732873.1720378
bcsstk18.mat,432,1e-06,43200,5137,1,605,9.492543096944116e-07,True,0.222444792,89492328.87511629
bcsstk18.mat,432,1e-06,43200,5137,107,18591,9.851902876937553e-07,True,6.726662208,89492328.87511629
bcsstk18.mat,432,1e-06,43200,5137,215,1781,9.969164834147263e-07,True,0.643211625,89492328.87511629
bcsstk18.mat,432,1e-06,43200,5137,323,1970,9.794874205806233e-07,True,0.715818084,89492328.87511629
bcsstk18.mat,432,1e-06,43200,5137,430,452,9.941668033410639e-07,True,0.163002208,89492328.87511629
bcsstk18.mat,432,1e-06,43200,763,1,459,9.776814058206815e-07,True,0.166672042,1.0
bcsstk18.mat,432,1e-06,43200,763,107,446,9.534920526432277e-07,True,0.173247625,1.0
bcsstk18.mat,432,1e-06,43200,763,215,444,9.524727308141178e-07,True,0.171530416,1.0
bcsstk18.mat,432,1e-06,43200,763,323,443,9.990583603951043e-07,True,0.16192275,1.0
bcsstk18.mat,432,1e-06,43200,763,430,432,9.940233735570865e-07,True,0.158544708,1.0
bcsstk18.mat,432,1e-06,43200,1835,1,759,9.58005993955236e-07,True,0.276977375,82226530.36243528
bcsstk18.mat,432,1e-06,43200,1835,107,43199,4.2899138457098295e-05,False,15.386352666,82226530.36243528
bcsstk18.mat,432,1e-06,43200,1835,215,4705,9.957995305614431e-07,True,1.692454375,82226530.36243528
bcsstk18.mat,432,1e-06,43200,1835,323,5205,9.88504037397661e-07,True,1.849991542,82226530.36243528
bcsstk18.mat,432,1e-06,43200,1835,430,464,9.999995805855548e-07,True,0.168164208,82226530.36243528
bcsstk18.mat,432,1e-06,43200,4393,1,544,9.740720347751407e-07,True,0.197501541,13819204.969971644
bcsstk18.mat,432,1e-06,43200,4393,107,14484,9.906122254277032e-07,True,5.177948709,13819204.969971644
bcsstk18.mat,432,1e-06,43200,4393,215,1208,9.859451292560958e-07,True,0.436838,13819204.969971644
bcsstk18.mat,432,1e-06,43200,4393,323,1277,9.785226381602038e-07,True,0.453525166,13819204.969971644
bcsstk18.mat,432,1e-06,43200,4393,430,442,9.866361233197552e-07,True,0.159999,13819204.969971644
bcsstk18.mat,432,1e-06,43200,8059,1,550,9.916236670197443e-07,True,0.198124042,84063120.52945292
bcsstk18.mat,432,1e-06,43200,8059,107,10093,9.987371304493157e-07,True,3.557850125,84063120.52945292
bcsstk18.mat,432,1e-06,43200,8059,215,1271,9.695752993639964e-07,True,0.467257041,84063120.52945292
bcsstk18.mat,432,1e-06,43200,8059,323,1336,9.9988237675208e-07,True,0.480520167,84063120.52945292
bcsstk18.mat,432,1e-06,43200,8059,430,451,9.96394290728834e-07,True,0.1639355,84063120.52945292
bcsstk18.mat,432,1e-06,43200,3086,1,464,9.905724399819127e-07,True,0.166173333,3607696.9720837725
bcsstk18.mat,432,1e-06,43200,3086,107,803,9.913398642629132e-07,True,0.291156708,3607696.9720837725
bcsstk18.mat,432,1e-06,43200,3086,215,452,9.885827069435268e-07,True,0.164870209,3607696.9720837725
bcsstk18.mat,432,1e-06,43200,3086,323,517,9.384881782234527e-07,True,0.191960875,3607696.9720837725
bcsstk18.mat,432,1e-06,43200,3086,430,431,9.010715970744594e-07,True,0.156776334,3607696.9720837725
bcsstk18.mat,432,1e-06,43200,11766,1,694,9.26943151209387e-07,True,0.258344542,57365374.83882509
bcsstk18.mat,432,1e-06,43200,11766,107,43199,1.6733806059872654e-06,False,15.291739542,57365374.83882509
bcsstk18.mat,432,1e-06,43200,11766,215,2771,9.962928547186943e-07,True,0.991560667,57365374.83882509
bcsstk18.mat,432,1e-06,43200,11766,323,4038,9.961621111166269e-07,True,1.447015833,57365374.83882509
bcsstk18.mat,432,1e-06,43200,11766,430,457,9.99331362103445e-07,True,0.16540425,57365374.83882509
bcsstk18.mat,432,1e-06,43200,3714,1,1129,9.95301757424442e-07,True,0.413696708,232036944.32597503
bcsstk18.mat,432,1e-06,43200,3714,107,43199,4.0955308564153534e-05,False,15.848296875,232036944.32597503
bcsstk18.mat,432,1e-06,43200,3714,215,13984,9.986561290645482e-07,True,4.967830541,232036944.32597503
bcsstk18.mat,432,1e-06,43200,3714,323,10770,9.9934799959676e-07,True,3.85411475,232036944.32597503
bcsstk18.mat,432,1e-06,43200,3714,430,494,9.98491438635386e-07,True,0.18418575,232036944.32597503
bcsstk18.mat,432,1e-06,43200,7035,1,568,9.848921500594244e-07,True,0.209346,21066118.268899035
bcsstk18.mat,432,1e-06,43200,7035,107,27669,9.987391906927693e-07,True,9.873752542,21066118.268899035
bcsstk18.mat,432,1e-06,43200,7035,215,1637,9.950433164281277e-07,True,0.602385375,21066118.268899035
bcsstk18.mat,432,1e-06,43200,7035,323,1810,9.9913183772389e-07,True,0.655549667,21066118.268899035
bcsstk18.mat,432,1e-06,43200,7035,430,447,9.91008128116905e-07,True,0.164575917,21066118.268899035
bcsstk18.mat,432,1e-06,43200,2334,1,1372,9.845292310254435e-07,True,0.497579125,397985446.0874172
bcsstk18.mat,432,1e-06,43200,2334,107,43199,3.794338083372591e-05,False,15.487088833,397985446.0874172
bcsstk18.mat,432,1e-06,43200,2334,215,35064,9.95708314844422e-07,True,12.511159041,397985446.0874172
bcsstk18.mat,432,1e-06,43200,2334,323,13621,9.930417060209015e-07,True,4.858706958,397985446.0874172
bcsstk18.mat,432,1e-06,43200,2334,430,521,9.985865006227535e-07,True,0.188215125,397985446.0874172
bcsstk18.mat,432,1e-06,43200,10283,1,2147,9.987524052662973e-07,True,0.774623833,1020499208.7564677
bcsstk18.mat,432,1e-06,43200,10283,107,43199,0.00018999741012380158,False,15.256843708,1020499208.7564677
bcsstk18.mat,432,1e-06,43200,10283,215,43199,0.0731363058767787,False,15.546616041,1020499208.7564677
bcsstk18.mat,432,1e-06,43200,10283,323,43199,1.6801996852302467e-06,False,15.183039875,1020499208.7564677
bcsstk18.mat,432,1e-06,43200,10283,430,43199,3.2101210378624506e-06,False,15.195205875,1020499208.7564677
bcsstk18.mat,432,1e-06,43200,10595,1,551,9.86304874904675e-07,True,0.198309792,23278743.530282363
bcsstk18.mat,432,1e-06,43200,10595,107,8935,9.879336087211794e-07,True,3.2095,23278743.530282363
bcsstk18.mat,432,1e-06,43200,10595,215,1222,9.76182001703829e-07,True,0.444035375,23278743.530282363
bcsstk18.mat,432,1e-06,43200,10595,323,1311,9.70751078695574e-07,True,0.474872167,23278743.530282363
bcsstk18.mat,432,1e-06,43200,10595,430,442,9.91761226191953e-07,True,0.170328292,23278743.530282363
bcsstk18.mat,432,1e-06,43200,10164,1,534,9.472482056795596e-07,True,0.19690425,4612632.465104371
bcsstk18.mat,432,1e-06,43200,10164,107,4123,9.916575705740228e-07,True,1.452850917,4612632.465104371
bcsstk18.mat,432,1e-06,43200,10164,215,767,9.905408268714418e-07,True,0.273546041,4612632.465104371
bcsstk18.mat,432,1e-06,43200,10164,323,834,9.452934499893848e-07,True,0.304543667,4612632.465104371
bcsstk18.mat,432,1e-06,43200,10164,430,436,9.8469169519756e-07,True,0.161048291,4612632.465104371
bcsstk18.mat,432,1e-06,43200,5311,1,473,9.642083569911603e-07,True,0.173864625,69010870.09035222
bcsstk18.mat,432,1e-06,43200,5311,107,3134,9.930415317714514e-07,True,1.127265041,69010870.09035222
bcsstk18.mat,432,1e-06,43200,5311,215,708,9.979706394303174e-07,True,0.258467542,69010870.09035222
bcsstk18.mat,432,1e-06,43200,5311,323,774,9.763061567956597e-07,True,0.282910333,69010870.09035222
bcsstk18.mat,432,1e-06,43200,5311,430,8836,9.978593512441427e-07,True,3.148439125,69010870.09035222
bcsstk18.mat,432,1e-06,43200,5260,1,453,9.912789202664077e-07,True,0.166251625,4054.2834666100403
bcsstk18.mat,432,1e-06,43200,5260,107,457,9.829861024864075e-07,True,0.169831833,4054.2834666100403
bcsstk18.mat,432,1e-06,43200,5260,215,448,9.217125792371112e-07,True,0.165004,4054.2834666100403
bcsstk18.mat,432,1e-06,43200,5260,323,445,9.80965653189813e-07,True,0.16397775,4054.2834666100403
bcsstk18.mat,432,1e-06,43200,5260,430,430,7.937400972246438e-07,True,0.158191667,4054.2834666100403
bcsstk18.mat,432,1e-06,43200,9584,1,475,9.662302007534517e-07,True,0.175097583,5838311.870084078
bcsstk18.mat,432,1e-06,43200,9584,107,4371,9.965848114601328e-07,True,1.573763375,5838311.870084078
bcsstk18.mat,432,1e-06,43200,9584,215,801,9.991560508283317e-07,True,0.296101584,5838311.870084078
bcsstk18.mat,432,1e-06,43200,9584,323,867,9.777044455657125e-07,True,0.309786375,5838311.870084078
bcsstk18.mat,432,1e-06,43200,9584,430,437,9.756286735430878e-07,True,0.158579083,5838311.870084078
bcsstk18.mat,432,1e-06,43200,3543,1,999,9.565114632103691e-07,True,0.354652084,178420442.28082368
bcsstk18.mat,432,1e-06,43200,3543,107,43199,0.003423462859828601,False,15.472849125,178420442.28082368
bcsstk18.mat,432,1e-06,43200,3543,215,4429,9.891566529742976e-07,True,1.591221333,178420442.28082368
bcsstk18.mat,432,1e-06,43200,3543,323,7930,9.940832595642341e-07,True,2.81134425,178420442.28082368
bcsstk18.mat,432,1e-06,43200,3543,430,482,9.988604302870261e-07,True,0.175885042,178420442.28082368
bcsstk18.mat,432,1e-06,43200,9738,1,2463,9.973975838522346e-07,True,0.863034417,1200346568.7062132
bcsstk18.mat,432,1e-06,43200,9738,107,43199,6.074461374288657e-05,False,15.337834917,1200346568.7062132
bcsstk18.mat,432,1e-06,43200,9738,215,24757,9.999355453711764e-07,True,8.724264958,1200346568.7062132
bcsstk18.mat,432,1e-06,43200,9738,323,43199,1.6926359436022814e-06,False,15.276576083,1200346568.7062132
bcsstk18.mat,432,1e-06,43200,9738,430,43199,4.530926759602756e-06,False,15.295530959,1200346568.7062132
bcsstk18.mat,432,1e-06,43200,8235,1,1841,9.674657306504811e-07,True,0.710294583,710876297.8267018
bcsstk18.mat,432,1e-06,43200,8235,107,43199,9.805528043390317e-05,False,15.4297985,710876297.8267018
bcsstk18.mat,432,1e-06,43200,8235,215,34368,9.971872378008488e-07,True,12.148452,710876297.8267018
bcsstk18.mat,432,1e-06,43200,8235,323,43199,1.5005112880134103e-05,False,15.335383083,710876297.8267018
bcsstk18.mat,432,1e-06,43200,8235,430,628,9.999846145732004e-07,True,0.224372584,710876297.8267018
bcsstk18.mat,432,1e-06,43200,9687,1,452,9.682386296005325e-07,True,0.163501792,1.0
bcsstk18.mat,432,1e-06,43200,9687,107,446,9.535724669152962e-07,True,0.160943917,1.0
bcsstk18.mat,432,1e-06,43200,9687,215,442,9.798460621851848e-07,True,0.160113375,1.0
bcsstk18.mat,432,1e-06,43200,9687,323,443,9.991058342281728e-07,True,0.164540125,1.0
bcsstk18.mat,432,1e-06,43200,9687,430,432,9.94023373557086e-07,True,0.156541167,1.0
bcsstk18.mat,432,1e-06,43200,7554,1,1193,9.649158736796878e-07,True,0.437310708,258970579.25327888
bcsstk18.mat,432,1e-06,43200,7554,107,43199,4.6375872645941506e-05,False,15.318310667,258970579.25327888
bcsstk18.mat,432,1e-06,43200,7554,215,11313,9.948206250902068e-07,True,4.03256375,258970579.25327888
bcsstk18.mat,432,1e-06,43200,7554,323,14383,9.932852244813862e-07,True,5.090375583,258970579.25327888
bcsstk18.mat,432,1e-06,43200,7554,430,499,9.98247040887309e-07,True,0.184077042,258970579.25327888
bcsstk18.mat,432,1e-06,43200,1897,1,458,9.842063902308363e-07,True,0.170174334,1817427.1511470343
bcsstk18.mat,432,1e-06,43200,1897,107,623,9.729480545088227e-07,True,0.234904625,1817427.1511470343
bcsstk18.mat,432,1e-06,43200,1897,215,450,9.62150304131936e-07,True,0.164618916,1817427.1511470343
bcsstk18.mat,432,1e-06,43200,1897,323,505,9.983539660693376e-07,True,0.183809042,1817427.1511470343
bcsstk18.mat,432,1e-06,43200,1897,430,430,9.758759808135838e-07,True,0.163992833,1817427.1511470343
bcsstk18.mat,432,1e-06,43200,2967,1,594,9.492577815381972e-07,True,0.216512958,31492837.49432176
bcsstk18.mat,432,1e-06,43200,2967,107,22286,9.99430149230471e-07,True,7.8726055,31492837.49432176
bcsstk18.mat,432,1e-06,43200,2967,215,2058,9.870902449553166e-07,True,0.7341545,31492837.49432176
bcsstk18.mat,432,1e-06,43200,2967,323,2173,9.98816391626548e-07,True,0.7833005,31492837.49432176
bcsstk18.mat,432,1e-06,43200,2967,430,451,9.92603750949714e-07,True,0.166105125,31492837.49432176
bcsstk18.mat,432,1e-06,43200,10590,1,5848,9.86694383372427e-07,True,2.087368416,6194179257.584183
bcsstk18.mat,432,1e-06,43200,10590,107,43199,0.00017605924298172776,False,15.420438,6194179257.584183
bcsstk18.mat,432,1e-06,43200,10590,215,43199,3.4375214602591e-05,False,15.300703,6194179257.584183
bcsstk18.mat,432,1e-06,43200,10590,323,43199,4.899935666764702e-06,False,15.601576541,6194179257.584183
bcsstk18.mat,432,1e-06,43200,10590,430,43199,5.296557427792703e-06,False,15.44618375,6194179257.584183
bcsstk18.mat,432,1e-06,43200,588,1,476,9.978543612949324e-07,True,0.175386375,4551677.434326439
bcsstk18.mat,432,1e-06,43200,588,107,5219,9.961394364719132e-07,True,1.8544785,4551677.434326439
bcsstk18.mat,432,1e-06,43200,588,215,856,9.689484705048816e-07,True,0.312472166,4551677.434326439
bcsstk18.mat,432,1e-06,43200,588,323,924,9.901742562892762e-07,True,0.335272958,4551677.434326439
bcsstk18.mat,432,1e-06,43200,588,430,437,9.933917925437898e-07,True,0.160957584,4551677.434326439
bcsstk18.mat,432,1e-06,43200,4106,1,548,9.168680928438677e-07,True,0.200849666,18611974.895201627
bcsstk18.mat,432,1e-06,43200,4106,107,13472,9.989302876466675e-07,True,4.84722975,18611974.895201627
bcsstk18.mat,432,1e-06,43200,4106,215,1214,9.519488888352663e-07,True,0.466078333,18611974.895201627
bcsstk18.mat,432,1e-06,43200,4106,323,1282,9.882824806955908e-07,True,0.4638215,18611974.895201627
bcsstk18.mat,432,1e-06,43200,4106,430,442,9.889477039566453e-07,True,0.163469083,18611974.895201627
bcsstk18.mat,432,1e-06,43200,9697,1,3014,9.972749486959497e-07,True,1.079681791,1775564126.3538458
bcsstk18.mat,432,1e-06,43200,9697,107,43199,0.00017917170423883437,False,15.103941125,1775564126.3538458
bcsstk18.mat,432,1e-06,43200,9697,215,43199,8.937407049047276e-06,False,15.187175583,1775564126.3538458
bcsstk18.mat,432,1e-06,43200,9697,323,43199,3.646626538341032e-06,False,15.2554815,1775564126.3538458
bcsstk18.mat,432,1e-06,43200,9697,430,43199,5.46948309061614e-06,False,15.351186625,1775564126.3538458
bcsstk18.mat,432,1e-06,43200,3188,1,465,9.559991047353364e-07,True,0.17141625,126251.24604108151
bcsstk18.mat,432,1e-06,43200,3188,107,767,9.647145784194092e-07,True,0.283381875,126251.24604108151
bcsstk18.mat,432,1e-06,43200,3188,215,501,9.513327233088828e-07,True,0.1837,126251.24604108151
bcsstk18.mat,432,1e-06,43200,3188,323,510,9.955638710957714e-07,True,0.18517725,126251.24604108151
bcsstk18.mat,432,1e-06,43200,3188,430,431,8.658788164601593e-07,True,0.161359375,126251.24604108151
bcsstk18.mat,432,1e-06,43200,5373,1,473,9.57295460388402e-07,True,0.170846542,69010864.32947543
bcsstk18.mat,432,1e-06,43200,5373,107,3444,9.998587958792874e-07,True,1.234443416,69010864.32947543
bcsstk18.mat,432,1e-06,43200,5373,215,716,9.725717006058374e-07,True,0.261089916,69010864.32947543
bcsstk18.mat,432,1e-06,43200,5373,323,774,9.764814206644002e-07,True,0.282411458,69010864.32947543
bcsstk18.mat,432,1e-06,43200,5373,430,4956,9.9696490553454e-07,True,1.7665805,69010864.32947543
bcsstk18.mat,432,1e-06,43200,6322,1,2714,9.929175416825079e-07,True,0.973055416,1439583122.0703442
bcsstk18.mat,432,1e-06,43200,6322,107,43199,0.00010333893984645223,False,15.361196166,1439583122.0703442
bcsstk18.mat,432,1e-06,43200,6322,215,43199,1.4661980923963776e-06,False,15.355018584,1439583122.0703442
bcsstk18.mat,432,1e-06,43200,6322,323,43199,3.044840503236632e-06,False,15.299681583,1439583122.0703442
bcsstk18.mat,432,1e-06,43200,6322,430,43199,3.6678390853897292e-06,False,15.244180417,1439583122.0703442
bcsstk18.mat,432,1e-06,43200,5847,1,8294,9.98556608236347e-07,True,2.948183542,11451102033.14112
bcsstk18.mat,432,1e-06,43200,5847,107,43199,0.00010919831443972687,False,15.350607833,11451102033.14112
bcsstk18.mat,432,1e-06,43200,5847,215,43199,2.864448387146728e-05,False,15.300461541,11451102033.14112
bcsstk18.mat,432,1e-06,43200,5847,323,43199,2.43044414382962e-05,False,15.461629083,11451102033.14112
bcsstk18.mat,432,1e-06,43200,5847,430,43199,4.517842085900838e-06,False,15.401227125,11451102033.14112
bcsstk18.mat,432,1e-06,43200,5891,1,541,9.612570097095417e-07,True,0.195161333,82540319.99866161
bcsstk18.mat,432,1e-06,43200,5891,107,10650,9.98493398440137e-07,True,3.76875625,82540319.99866161
bcsstk18.mat,432,1e-06,43200,5891,215,1083,9.90130364906637e-07,True,0.398004625,82540319.99866161
bcsstk18.mat,432,1e-06,43200,5891,323,1165,9.871387301588283e-07,True,0.423452083,82540319.99866161
bcsstk18.mat,432,1e-06,43200,5891,430,452,9.991624340796651e-07,True,0.16690825,82540319.99866161
bcsstk18.mat,432,1e-06,43200,7225,1,472,9.932063718047188e-07,True,0.173819709,1298099.813417196
bcsstk18.mat,432,1e-06,43200,7225,107,2303,9.779363002273489e-07,True,0.834966958,1298099.813417196
bcsstk18.mat,432,1e-06,43200,7225,215,617,9.525372306132162e-07,True,0.227561125,1298099.813417196
bcsstk18.mat,432,1e-06,43200,7225,323,676,9.618620074421683e-07,True,0.253375375,1298099.813417196
bcsstk18.mat,432,1e-06,43200,7225,430,434,9.68946366145754e-07,True,0.160802167,1298099.813417196
bcsstk18.mat,432,1e-06,43200,9241,1,593,9.920959634791668e-07,True,0.21703275,26184217.57134257
bcsstk18.mat,432,1e-06,43200,9241,107,25079,9.911348082198455e-07,True,8.906507042,26184217.57134257
bcsstk18.mat,432,1e-06,43200,9241,215,2073,9.88403841495061e-07,True,0.744983125,26184217.57134257
bcsstk18.mat,432,1e-06,43200,9241,323,2034,9.907897525733795e-07,True,0.728534084,26184217.57134257
bcsstk18.mat,432,1e-06,43200,9241,430,449,9.972593786561018e-07,True,0.165474375,26184217.57134257
bcsstk18.mat,432,1e-06,43200,7819,1,453,9.912320246655492e-07,True,0.168514208,4054.283466610027
bcsstk18.mat,432,1e-06,43200,7819,107,457,9.86490169955793e-07,True,0.168625166,4054.283466610027
bcsstk18.mat,432,1e-06,43200,7819,215,448,9.228686232413651e-07,True,0.1640285,4054.283466610027
bcsstk18.mat,432,1e-06,43200,7819,323,445,9.7908476517361e-07,True,0.160809125,4054.283466610027
bcsstk18.mat,432,1e-06,43200,7819,430,430,7.936079531840555e-07,True,0.15610975,4054.283466610027
bcsstk18.mat,432,1e-06,43200,5221,1,1119,9.74386813890135e-07,True,0.397519833,223705109.8425239
bcsstk18.mat,432,1e-06,43200,5221,107,43199,2.4645575790711248e-05,False,15.267250417,223705109.8425239
bcsstk18.mat,432,1e-06,43200,5221,215,10354,9.966096097028666e-07,True,3.656169584,223705109.8425239
bcsstk18.mat,432,1e-06,43200,5221,323,13787,9.98789657442385e-07,True,4.92209725,223705109.8425239
bcsstk18.mat,432,1e-06,43200,5221,430,493,9.99409251835615e-07,True,0.181273791,223705109.8425239
bcsstk18.mat,432,1e-06,43200,5440,1,450,9.346087377560174e-07,True,0.165441792,49.09075743814854
bcsstk18.mat,432,1e-06,43200,5440,107,447,9.92379429840602e-07,True,0.162334417,49.09075743814854
bcsstk18.mat,432,1e-06,43200,5440,215,439,9.889956538285574e-07,True,0.159853291,49.09075743814854
bcsstk18.mat,432,1e-06,43200,5440,323,491,9.575565585450876e-07,True,0.178735375,49.09075743814854
bcsstk18.mat,432,1e-06,43200,5440,430,432,9.938693770145007e-07,True,0.166181708,49.09075743814854
bcsstk18.mat,432,1e-06,43200,5701,1,552,9.555326592969196e-07,True,0.199934375,17431502.448727217
bcsstk18.mat,432,1e-06,43200,5701,107,11366,9.924252815309833e-07,True,4.044413542,17431502.448727217
bcsstk18.mat,432,1e-06,43200,5701,215,1413,9.687920142123698e-07,True,0.502585458,17431502.448727217
bcsstk18.mat,432,1e-06,43200,5701,323,1497,9.913934203319224e-07,True,0.53106,17431502.448727217
bcsstk18.mat,432,1e-06,43200,5701,430,444,9.992376703485085e-07,True,0.160663584,17431502.448727217
bcsstk18.mat,432,1e-06,43200,6305,1,451,9.207309956691862e-07,True,0.163137666,47.18514869492708
bcsstk18.mat,432,1e-06,43200,6305,107,447,9.94507177663893e-07,True,0.172726083,47.18514869492708
bcsstk18.mat,432,1e-06,43200,6305,215,443,9.643046377018613e-07,True,0.16191975,47.18514869492708
bcsstk18.mat,432,1e-06,43200,6305,323,488,9.999637512430574e-07,True,0.181069209,47.18514869492708
bcsstk18.mat,432,1e-06,43200,6305,430,432,9.93874503705789e-07,True,0.159826625,47.18514869492708
bcsstk18.mat,432,1e-06,43200,5116,1,461,9.959353122269574e-07,True,0.169696958,156248.41642616387
bcsstk18.mat,432,1e-06,43200,5116,107,814,9.394342629965141e-07,True,0.296711083,156248.41642616387
bcsstk18.mat,432,1e-06,43200,5116,215,502,9.555310371303364e-07,True,0.185174625,156248.41642616387
bcsstk18.mat,432,1e-06,43200,5116,323,515,9.649586742650566e-07,True,0.190720875,156248.41642616387
bcsstk18.mat,432,1e-06,43200,5116,430,431,9.024348946643202e-07,True,0.160783083,156248.41642616387
bcsstk18.mat,432,1e-06,43200,11515,1,1121,9.566167161023107e-07,True,0.400107166,240005723.3187989
bcsstk18.mat,432,1e-06,43200,11515,107,43199,0.0002506945418781447,False,15.400775458,240005723.3187989
bcsstk18.mat,432,1e-06,43200,11515,215,9221,9.986721586595014e-07,True,3.321466792,240005723.3187989
bcsstk18.mat,432,1e-06,43200,11515,323,14458,9.933055014283505e-07,True,5.100697459,240005723.3187989
bcsstk18.mat,432,1e-06,43200,11515,430,493,9.996440889036831e-07,True,0.181222334,240005723.3187989
bcsstk18.mat,432,1e-06,43200,5081,1,452,9.280044787187079e-07,True,0.167806291,1.0
bcsstk18.mat,432,1e-06,43200,5081,107,435,9.788480474473132e-07,True,0.159662167,1.0
bcsstk18.mat,432,1e-06,43200,5081,215,444,9.534254125704515e-07,True,0.163263958,1.0
bcsstk18.mat,432,1e-06,43200,5081,323,443,9.988855281762882e-07,True,0.16664125,1.0
bcsstk18.mat,432,1e-06,43200,5081,430,432,9.940233735570858e-07,True,0.159137833,1.0
bcsstk18.mat,432,1e-06,43200,1752,1,457,9.911714248803044e-07,True,0.168649417,1822.2514751400142
bcsstk18.mat,432,1e-06,43200,1752,107,454,9.92149555617298e-07,True,0.172777167,1822.2514751400142
bcsstk18.mat,432,1e-06,43200,1752,215,447,9.110406284883193e-07,True,0.165633917,1822.2514751400142
bcsstk18.mat,432,1e-06,43200,1752,323,446,9.406105130411184e-07,True,0.164015166,1822.2514751400142
bcsstk18.mat,432,1e-06,43200,1752,430,430,8.76833700570022e-07,True,0.158808084,1822.2514751400142
bcsstk18.mat,432,1e-06,43200,2083,1,452,9.92301864226192e-07,True,0.166440083,1807.57661326942
bcsstk18.mat,432,1e-06,43200,2083,107,454,9.826453754910787e-07,True,0.174648292,1807.57661326942
bcsstk18.mat,432,1e-06,43200,2083,215,447,9.256287283620803e-07,True,0.165543167,1807.57661326942
bcsstk18.mat,432,1e-06,43200,2083,323,446,9.59268974606642e-07,True,0.164630334,1807.57661326942
bcsstk18.mat,432,1e-06,43200,2083,430,430,8.805657666991062e-07,True,0.159454667,1807.57661326942
bcsstk18.mat,432,1e-06,43200,2115,1,467,9.173133858899282e-07,True,0.171783458,507312.2870232
bcsstk18.mat,432,1e-06,43200,2115,107,1112,9.597132035231526e-07,True,0.408381791,507312.2870232
bcsstk18.mat,432,1e-06,43200,2115,215,511,9.894024036581621e-07,True,0.187998542,507312.2870232
bcsstk18.mat,432,1e-06,43200,2115,323,537,9.762723544814543e-07,True,0.197204292,507312.2870232
bcsstk18.mat,432,1e-06,43200,2115,430,431,9.975647944892574e-07,True,0.158238125,507312.2870232
bcsstk18.mat,432,1e-06,43200,8664,1,473,9.84402240377875e-07,True,0.172382667,3687020.3365120688
bcsstk18.mat,432,1e-06,43200,8664,107,4583,9.93245966061731e-07,True,1.624253875,3687020.3365120688
bcsstk18.mat,432,1e-06,43200,8664,215,811,9.934110103239977e-07,True,0.291460542,3687020.3365120688
bcsstk18.mat,432,1e-06,43200,8664,323,881,9.997916775573804e-07,True,0.315437375,3687020.3365120688
bcsstk18.mat,432,1e-06,43200,8664,430,437,9.797651993895365e-07,True,0.158589458,3687020.3365120688
bcsstk18.mat,432,1e-06,43200,5879,1,453,9.634381359689878e-07,True,0.164227625,1.0
bcsstk18.mat,432,1e-06,43200,5879,107,446,9.535041285369674e-07,True,0.161516125,1.0
bcsstk18.mat,432,1e-06,43200,5879,215,444,9.530143387360847e-07,True,0.160576458,1.0
bcsstk18.mat,432,1e-06,43200,5879,323,443,9.991926760513075e-07,True,0.160172417,1.0
bcsstk18.mat,432,1e-06,43200,5879,430,432,9.940233735570865e-07,True,0.156662125,1.0
bcsstk18.mat,432,1e-06,43200,95,1,472,9.967544570251266e-07,True,0.187732583,1553581.257944122
bcsstk18.mat,432,1e-06,43200,95,107,2462,9.960103399733522e-07,True,0.890005292,1553581.257944122
bcsstk18.mat,432,1e-06,43200,95,215,640,9.944366686263343e-07,True,0.23603875,1553581.257944122
bcsstk18.mat,432,1e-06,43200,95,323,697,9.886738518124753e-07,True,0.254282042,1553581.257944122
bcsstk18.mat,432,1e-06,43200,95,430,434,9.831477771861551e-07,True,0.161278542,1553581.257944122
bcsstk18.mat,432,1e-06,43200,9156,1,1728,9.91683874464173e-07,True,0.630198,606739913.2239616
bcsstk18.mat,432,1e-06,43200,9156,107,43199,0.0007769524206830903,False,15.408204458,606739913.2239616
bcsstk18.mat,432,1e-06,43200,9156,215,17335,9.975255872029257e-07,True,6.146181167,606739913.2239616
bcsstk18.mat,432,1e-06,43200,9156,323,17560,9.968327567109424e-07,True,6.30411025,606739913.2239616
bcsstk18.mat,432,1e-06,43200,9156,430,580,9.996160690605233e-07,True,0.220554916,606739913.2239616
bcsstk18.mat,432,1e-06,43200,472,1,475,9.948029513351534e-07,True,0.171530292,2954436.4331956324
bcsstk18.mat,432,1e-06,43200,472,107,2189,9.980573054272824e-07,True,0.77965225,2954436.4331956324
bcsstk18.mat,432,1e-06,43200,472,215,614,9.83302270283357e-07,True,0.220277375,2954436.4331956324
bcsstk18.mat,432,1e-06,43200,472,323,667,9.242479935075237e-07,True,0.242094375,2954436.4331956324
bcsstk18.mat,432,1e-06,43200,472,430,434,9.655719268889627e-07,True,0.16227775,2954436.4331956324
bcsstk18.mat,432,1e-06,43200,3744,1,513,9.91200463729355e-07,True,0.187591417,27978157.291316725
bcsstk18.mat,432,1e-06,43200,3744,107,29136,9.990348962566675e-07,True,10.447837083,27978157.291316725
bcsstk18.mat,432,1e-06,43200,3744,215,1841,9.814983832371267e-07,True,0.65645825,27978157.291316725
bcsstk18.mat,432,1e-06,43200,3744,323,2021,9.97641587058839e-07,True,0.7122565,27978157.291316725
bcsstk18.mat,432,1e-06,43200,3744,430,449,9.960486938345742e-07,True,0.165637666,27978157.291316725
bcsstk18.mat,432,1e-06,43200,6112,1,596,9.237786453107554e-07,True,0.215640417,64547844.284613416
bcsstk18.mat,432,1e-06,43200,6112,107,25625,9.999626031963803e-07,True,9.081245875,64547844.284613416
bcsstk18.mat,432,1e-06,43200,6112,215,1739,9.99387084497227e-07,True,0.634476666,64547844.284613416
bcsstk18.mat,432,1e-06,43200,6112,323,1891,9.944441854378553e-07,True,0.689213916,64547844.284613416
bcsstk18.mat,432,1e-06,43200,6112,430,449,9.998544621232411e-07,True,0.164584167,64547844.284613416
bcsstk18.mat,432,1e-06,43200,2107,1,2698,9.746144237154107e-07,True,0.978126417,1407135250.1294155
bcsstk18.mat,432,1e-06,43200,2107,107,43199,0.00013478207322876502,False,15.295574709,1407135250.1294155
bcsstk18.mat,432,1e-06,43200,2107,215,43199,1.7909295963089077e-06,False,15.328929417,1407135250.1294155
bcsstk18.mat,432,1e-06,43200,2107,323,43199,5.680356771955345e-06,False,15.317782375,1407135250.1294155
bcsstk18.mat,432,1e-06,43200,2107,430,43199,4.486234273362466e-06,False,15.38668175,1407135250.1294155
bcsstk18.mat,432,1e-06,43200,10456,1,695,9.908452290206623e-07,True,0.25194325,64260058.97743274
bcsstk18.mat,432,1e-06,43200,10456,107,43199,2.6281199161755075e-06,False,15.415476958,64260058.97743274
bcsstk18.mat,432,1e-06,43200,10456,215,3966,9.894184945298765e-07,True,1.420534792,64260058.97743274
bcsstk18.mat,432,1e-06,43200,10456,323,4689,9.999789930874725e-07,True,1.680454625,64260058.97743274
bcsstk18.mat,432,1e-06,43200,10456,430,460,9.974425109830321e-07,True,0.167072708,64260058.97743274
bcsstk18.mat,432,1e-06,43200,8794,1,474,9.029631041266564e-07,True,0.172745584,4479284.9436584795
bcsstk18.mat,432,1e-06,43200,8794,107,5276,9.991403925154993e-07,True,1.878033416,4479284.9436584795
bcsstk18.mat,432,1e-06,43200,8794,215,822,9.822792493603258e-07,True,0.293716958,4479284.9436584795
bcsstk18.mat,432,1e-06,43200,8794,323,891,9.968833085452041e-07,True,0.318274125,4479284.9436584795
bcsstk18.mat,432,1e-06,43200,8794,430,437,9.852263041463627e-07,True,0.158667041,4479284.9436584795
bcsstk18.mat,432,1e-06,43200,7999,1,473,9.633789802545221e-07,True,0.170842333,3404882.5005427315
bcsstk18.mat,432,1e-06,43200,7999,107,3191,9.942660076409274e-07,True,1.128427292,3404882.5005427315
bcsstk18.mat,432,1e-06,43200,7999,215,716,9.640741854490364e-07,True,0.256656166,3404882.5005427315
bcsstk18.mat,432,1e-06,43200,7999,323,777,9.990211235299626e-07,True,0.279438416,3404882.5005427315
bcsstk18.mat,432,1e-06,43200,7999,430,435,9.955543707699605e-07,True,0.162077291,3404882.5005427315
bcsstk18.mat,432,1e-06,43200,8552,1,542,9.627111034461728e-07,True,0.199331417,106904469.1013876
bcsstk18.mat,432,1e-06,43200,8552,107,6904,9.839203198085642e-07,True,2.466552166,106904469.1013876
bcsstk18.mat,432,1e-06,43200,8552,215,1059,9.663863844149e-07,True,0.386908,106904469.1013876
bcsstk18.mat,432,1e-06,43200,8552,323,1143,9.991924362004836e-07,True,0.412128,106904469.1013876
bcsstk18.mat,432,1e-06,43200,8552,430,32817,9.995623558215807e-07,True,11.721633583,106904469.1013876
bcsstk18.mat,432,1e-06,43200,8404,1,472,9.70162621281156e-07,True,0.171627667,11367103.559668789
bcsstk18.mat,432,1e-06,43200,8404,107,2595,9.976928080649576e-07,True,0.929352709,11367103.559668789
bcsstk18.mat,432,1e-06,43200,8404,215,658,9.90366223928283e-07,True,0.242222625,11367103.559668789
bcsstk18.mat,432,1e-06,43200,8404,323,711,9.757817997924383e-07,True,0.25584125,11367103.559668789
bcsstk18.mat,432,1e-06,43200,8404,430,434,9.990218845098622e-07,True,0.15792275,11367103.559668789
bcsstk18.mat,432,1e-06,43200,87,1,452,9.30383622755574e-07,True,0.164054792,1.0
bcsstk18.mat,432,1e-06,43200,87,107,435,9.671611646492056e-07,True,0.158643041,1.0
bcsstk18.mat,432,1e-06,43200,87,215,444,9.524235720389938e-07,True,0.161434542,1.0
bcsstk18.mat,432,1e-06,43200,87,323,443,9.980570884936788e-07,True,0.162413667,1.0
bcsstk18.mat,432,1e-06,43200,87,430,432,9.940233735570865e-07,True,0.158981583,1.0
bcsstk18.mat,432,1e-06,43200,7421,1,1523,9.99820647184944e-07,True,0.548812875,440637819.0843273
bcsstk18.mat,432,1e-06,43200,7421,107,43199,6.818737463700785e-05,False,15.397487708,440637819.0843273
bcsstk18.mat,432,1e-06,43200,7421,215,26831,9.982763298196704e-07,True,9.552249625,440637819.0843273
bcsstk18.mat,432,1e-06,43200,7421,323,26114,9.99350034015835e-07,True,9.22152025,440637819.0843273
bcsstk18.mat,432,1e-06,43200,7421,430,533,9.986350440223624e-07,True,0.197668,440637819.0843273
bcsstk18.mat,432,1e-06,43200,6240,1,528,9.7644689968133e-07,True,0.195379125,14174697.17443076
bcsstk18.mat,432,1e-06,43200,6240,107,1566,9.72026096835574e-07,True,0.557473917,14174697.17443076
bcsstk18.mat,432,1e-06,43200,6240,215,551,9.820964166984426e-07,True,0.200009959,14174697.17443076
bcsstk18.mat,432,1e-06,43200,6240,323,587,9.6606288844322e-07,True,0.211326083,14174697.17443076
bcsstk18.mat,432,1e-06,43200,6240,430,433,9.7206170625332e-07,True,0.156982791,14174697.17443076
bcsstk18.mat,432,1e-06,43200,8525,1,479,9.998649350553743e-07,True,0.173828084,72926969.22153258
bcsstk18.mat,432,1e-06,43200,8525,107,3328,9.988631574186502e-07,True,1.190386791,72926969.22153258
bcsstk18.mat,432,1e-06,43200,8525,215,774,9.855619350035849e-07,True,0.280361875,72926969.22153258
bcsstk18.mat,432,1e-06,43200,8525,323,2395,9.62721677248538e-07,True,0.870041375,72926969.22153258
bcsstk18.mat,432,1e-06,43200,8525,430,6975,9.94017701950474e-07,True,2.470571417,72926969.22153258
bcsstk18.mat,432,1e-06,43200,6047,1,455,9.816137976070137e-07,True,0.165171834,14806.936871006761
bcsstk18.mat,432,1e-06,43200,6047,107,522,9.59360776791708e-07,True,0.191424625,14806.936871006761
bcsstk18.mat,432,1e-06,43200,6047,215,441,9.849752671092135e-07,True,0.159517958,14806.936871006761
bcsstk18.mat,432,1e-06,43200,6047,323,448,9.047609746931775e-07,True,0.164670041,14806.936871006761
bcsstk18.mat,432,1e-06,43200,6047,430,430,8.165407450446162e-07,True,0.159756542,14806.936871006761
bcsstk18.mat,432,1e-06,43200,2011,1,777,9.66794971846849e-07,True,0.283302041,82602274.00030187
bcsstk18.mat,432,1e-06,43200,2011,107,43199,1.5563828064651563e-05,False,15.255382875,82602274.00030187
bcsstk18.mat,432,1e-06,43200,2011,215,4359,9.942389832706984e-07,True,1.562807166,82602274.00030187
bcsstk18.mat,432,1e-06,43200,2011,323,5982,9.87360351098724e-07,True,2.110299209,82602274.00030187
bcsstk18.mat,432,1e-06,43200,2011,430,465,9.980646656624353e-07,True,0.168365792,82602274.00030187
bcsstk18.mat,432,1e-06,43200,8602,1,2454,9.990876670891216e-07,True,0.893590459,1191950449.0198932
bcsstk18.mat,432,1e-06,43200,8602,107,43199,0.00010976155707336386,False,15.277557,1191950449.0198932
bcsstk18.mat,432,1e-06,43200,8602,215,31695,9.979116930122606e-07,True,11.265872625,1191950449.0198932
bcsstk18.mat,432,1e-06,43200,8602,323,43199,1.9541515103795863e-06,False,15.375992792,1191950449.0198932
bcsstk18.mat,432,1e-06,43200,8602,430,43199,3.730434504707816e-06,False,15.317306667,1191950449.0198932
bcsstk18.mat,432,1e-06,43200,11402,1,744,9.891896477959302e-07,True,0.270654084,75199051.61577283
bcsstk18.mat,432,1e-06,43200,11402,107,43199,0.00016119040120361343,False,15.422272625,75199051.61577283
bcsstk18.mat,432,1e-06,43200,11402,215,3445,9.942851795882803e-07,True,1.238515542,75199051.61577283
bcsstk18.mat,432,1e-06,43200,11402,323,3639,9.927950000275965e-07,True,1.302221708,75199051.61577283
bcsstk18.mat,432,1e-06,43200,11402,430,462,9.968472183164827e-07,True,0.169803166,75199051.61577283
bcsstk18.mat,432,1e-06,43200,11483,1,459,9.554485816935323e-07,True,0.16865525,1.0
bcsstk18.mat,432,1e-06,43200,11483,107,446,9.534687056950683e-07,True,0.164709958,1.0
bcsstk18.mat,432,1e-06,43200,11483,215,438,9.987999812632548e-07,True,0.163610375,1.0
bcsstk18.mat,432,1e-06,43200,11483,323,443,9.99126503167326e-07,True,0.163374125,1.0
bcsstk18.mat,432,1e-06,43200,11483,430,432,9.94023373557087e-07,True,0.159279625,1.0
bcsstk18.mat,432,1e-06,43200,8014,1,2459,9.931722846990247e-07,True,0.891358,1197126066.3681393
bcsstk18.mat,432,1e-06,43200,8014,107,43199,9.224169362187706e-05,False,15.448272291,1197126066.3681393
bcsstk18.mat,432,1e-06,43200,8014,215,40134,9.983344875032825e-07,True,14.3576055,1197126066.3681393
bcsstk18.mat,432,1e-06,43200,8014,323,43199,2.56466014313929e-06,False,15.404833,1197126066.3681393
bcsstk18.mat,432,1e-06,43200,8014,430,43199,3.6334320631530196e-06,False,15.401397,1197126066.3681393
bcsstk18.mat,432,1e-06,43200,8477,1,601,9.962409042540644e-07,True,0.2157345,32623973.834197436
bcsstk18.mat,432,1e-06,43200,8477,107,25717,9.961572597212633e-07,True,9.083885167,32623973.834197436
bcsstk18.mat,432,1e-06,43200,8477,215,2039,9.854918336500241e-07,True,0.741601792,32623973.834197436
bcsstk18.mat,432,1e-06,43200,8477,323,2421,9.976869845178167e-07,True,0.865408,32623973.834197436
bcsstk18.mat,432,1e-06,43200,8477,430,450,9.99475131138927e-07,True,0.165881709,32623973.834197436
bcsstk18.mat,432,1e-06,43200,8207,1,2412,9.960200685591568e-07,True,0.860730458,1154217119.08209
bcsstk18.mat,432,1e-06,43200,8207,107,43199,0.0001018156196053989,False,15.440924167,1154217119.08209
bcsstk18.mat,432,1e-06,43200,8207,215,43199,1.9998033239194155e-06,False,15.45204075,1154217119.08209
bcsstk18.mat,432,1e-06,43200,8207,323,43199,6.727350317190471e-06,False,15.412004875,1154217119.08209
bcsstk18.mat,432,1e-06,43200,8207,430,43199,4.00024790473885e-06,False,15.471646375,1154217119.08209
bcsstk18.mat,432,1e-06,43200,9501,1,473,9.816221221131183e-07,True,0.176703584,9678641.001884654
bcsstk18.mat,432,1e-06,43200,9501,107,3173,9.959322407432266e-07,True,1.129111833,9678641.001884654
bcsstk18.mat,432,1e-06,43200,9501,215,724,9.987662391316472e-07,True,0.263026084,9678641.001884654
bcsstk18.mat,432,1e-06,43200,9501,323,780,9.729079627070446e-07,True,0.288638125,9678641.001884654
bcsstk18.mat,432,1e-06,43200,9501,430,435,9.969596011970152e-07,True,0.1602535,9678641.001884654
bcsstk18.mat,432,1e-06,43200,2007,1,1293,9.658312863265398e-07,True,0.468892083,325311058.03235066
bcsstk18.mat,432,1e-06,43200,2007,107,43199,5.421187970674362e-05,False,15.415072667,325311058.03235066
bcsstk18.mat,432,1e-06,43200,2007,215,17409,9.952442534788332e-07,True,6.379142583,325311058.03235066
bcsstk18.mat,432,1e-06,43200,2007,323,13006,9.91829056280595e-07,True,4.645531875,325311058.03235066
bcsstk18.mat,432,1e-06,43200,2007,430,511,9.983643953543138e-07,True,0.188000416,325311058.03235066
bcsstk18.mat,432,1e-06,43200,3488,1,554,9.664447220223305e-07,True,0.201256958,16280710.279286336
bcsstk18.mat,432,1e-06,43200,3488,107,13044,9.974184068053626e-07,True,4.633384459,16280710.279286336
bcsstk18.mat,432,1e-06,43200,3488,215,1387,9.83757881013965e-07,True,0.507023334,16280710.279286336
bcsstk18.mat,432,1e-06,43200,3488,323,1488,9.892515457816525e-07,True,0.539347292,16280710.279286336
bcsstk18.mat,432,1e-06,43200,3488,430,444,9.924631405161035e-07,True,0.162022542,16280710.279286336
